{
  "services/external/sharepoint.js": 1673480733815,
  "manifest.json": 1673977298562,
  "model/modelGeneral.json": 1673480733811,
  "services/external/workflow.js": 1673480733815,
  "i18n/i18n.properties": 1673480733811,
  "services/reporte.js": 1673480733815,
  "services/DemoPersoService.js": 1673480733815,
  "model/models.js": 1673480733811,
  "controller/MainView.controller.js": 1673534240002,
  "Component.js": 1673480733811,
  "manifest-bundle.zip": 1673977298574,
  "Component-preload.js": 1673977299049,
  "services/external/workflow-dbg.js": 1673480733815,
  "services/external/sharepoint-dbg.js": 1673480733815,
  "services/reporte-dbg.js": 1673480733815,
  "services/DemoPersoService-dbg.js": 1673480733815,
  "model/models-dbg.js": 1673480733811,
  "controller/MainView-dbg.controller.js": 1673534240002,
  "Component-dbg.js": 1673480733811,
  "view/fragment/Filter.fragment.xml": 1673480733815,
  "view/fragment/Body.fragment.xml": 1673480733815,
  "view/MainView.view.xml": 1673480733815,
  "css/style.css": 1673480733811,
  "index.html": 1673480733811
}