{
  "services/external/workflow-dbg.js": 1673480733627,
  "utils/utils.js": 1673480733627,
  "services/external/workflow.js": 1673480733627,
  "services/external/sharepoint.js": 1673480733627,
  "services/external/compareVersion.js": 1673480733627,
  "manifest.json": 1673977309663,
  "utils/locate-reuse-libs.js": 1673480733627,
  "services/Service.js": 1673480733627,
  "plugins/xlsx.min.js": 1673480733627,
  "model/models.js": 1673480733619,
  "model/excel.js": 1673480733619,
  "controller/MainView.controller.js": 1673969826251,
  "Component.js": 1673480733619,
  "manifest-bundle.zip": 1673977309672,
  "Component-preload.js": 1673977312598,
  "services/external/sharepoint-dbg.js": 1673480733627,
  "i18n/i18n.properties": 1673480733619,
  "services/external/compareVersion-dbg.js": 1673480733627,
  "utils/utils-dbg.js": 1673480733627,
  "utils/locate-reuse-libs-dbg.js": 1673480733627,
  "services/Service-dbg.js": 1673480733627,
  "plugins/xlsx.min-dbg.js": 1673480733627,
  "model/models-dbg.js": 1673480733619,
  "model/excel-dbg.js": 1673480733619,
  "controller/MainView-dbg.controller.js": 1673969826251,
  "Component-dbg.js": 1673480733619,
  "view/MainView.view.xml": 1673480733627,
  "css/style.css": 1673480733619,
  "index.html": 1673480733619
}