{
  "welcomeFile": "/index.html",
  "authenticationMethod": "route",
  "routes": [
    {
        "source": "^/srv_api/(.*)$",
        "target": "$1",
        "authenticationType": "none",
        "destination": "MIF_RMD",
        "csrfProtection": false
    },
    {
        "source": "^/saperp/(.*)$",
        "target": "$1",
        "authenticationType": "none",
        "destination": "RMD_S4H_HTTP_BASIC",
        "csrfProtection": false
    },
    {
        "source": "^/resources/(.*)$",
        "target": "/resources/$1",
        "authenticationType": "none",
        "destination": "ui5"
    },
    {
        "source": "^/test-resources/(.*)$",
        "target": "/test-resources/$1",
        "authenticationType": "none",
        "destination": "ui5"
    },
    {
        "source": "^(.*)$",
        "target": "$1",
        "service": "html5-apps-repo-rt",
        "authenticationType": "xsuaa",
        "cacheControl": "no-cache, no-store, must-revalidate"
    }
  ]
}
