{
  "model/models-dbg.js": 1673480733819,
  "services/reporteUso.js": 1673480733819,
  "manifest.json": 1673977304181,
  "model/modelGeneral.json": 1673480733819,
  "services/DemoPersoService.js": 1673480733819,
  "model/models.js": 1673480733819,
  "controller/MainView.controller.js": 1673480733819,
  "Component.js": 1673480733815,
  "manifest-bundle.zip": 1673977304190,
  "Component-preload.js": 1673977304572,
  "controller/MainView-dbg.controller.js": 1673480733819,
  "services/DemoPersoService-dbg.js": 1673480733819,
  "i18n/i18n.properties": 1673480733819,
  "services/reporteUso-dbg.js": 1673480733819,
  "Component-dbg.js": 1673480733815,
  "view/fragment/Filter.fragment.xml": 1673480733819,
  "view/fragment/Body.fragment.xml": 1673480733819,
  "view/dialog/ListExport.fragment.xml": 1673480733819,
  "view/MainView.view.xml": 1673480733819,
  "css/style.css": 1673480733819,
  "index.html": 1673480733819
}